,entity_name,cik,fy,manifold_distance,manifold_distance_pct,net_margin,op_margin,pe_ratio,pb_ratio,revenue,net_income,revenue_growth,debt_to_equity,roe,op_cash_yield,dev_net_margin,dev_log_revenue,dev_log_public_float,dev_debt_to_equity,dev_roe,dev_op_cash_yield,dev_revenue_growth
0,FAB UNIVERSAL CORP.,1074909,2011,22.12255561333915,100.0,-1.5259253630269454,-0.27647920550648397,,1.2374235643571398,6540217.0,-9979883.0,,0.0,-0.7244156862079,-0.09310299011897182,-10.0,-9.416700079128013,-0.8274922662601627,-0.22018863347964457,10.0,10.0,0.0
1,"NEUROMETRIX, INC.",1289850,2012,22.111720519270353,99.99866154484494,-1.3210787073602077,-1.3229893935399692,,0.879145000092041,7575289.0,-10007553.0,-0.2713808849378774,0.0,-1.1371673994724343,-1.185956889156526,-10.0,-9.04457603692463,-0.2124192593926951,-0.4178677614740387,10.0,2.6275641241975682,-10.0
2,"Soluna Holdings, Inc",64463,2025,21.77122053855925,99.99732308968989,-1.797321398526096,-1.1333916613386277,,0.15470647992530345,29717000.0,-53411000.0,-0.2184056179479761,0.3342483660130719,-0.9974042950513539,-1.104347234098438,-10.0,-5.582654794695354,0.4710551367499995,6.0748534308099815,10.0,2.386267385304228,-10.0
3,"Leef Brands, Inc.",1711141,2025,21.26474237656729,99.99598463453482,-0.5067804915292221,-0.21820743232731574,,,34787596.0,-17629675.0,,-1.1832371608145373,2.132200436341154,-0.013077206738607251,-10.0,-5.183631105410458,1.6498008368430832,-10.0,4.753671644481744,10.0,0.0
4,CRESTWOOD EQUITY PARTNERS LP,1136352,2015,19.66143601556188,99.99464617937977,-0.633128228501975,-0.791856578547554,,0.18093652746616487,2632800000.0,-1666900000.0,-0.33029786584590337,0.9201346167764348,-0.6032061952667005,0.8814,-6.256823865470941,1.9769009065708145,0.48261368791305076,7.63009690801628,-4.617724928612886,9.43119485501521,-10.0
5,"ARMSTRONG FLOORING, INC.",1655075,2020,19.514249931862224,99.9933077242247,-0.10875512995896033,-0.1055061559507524,,0.23809523809523808,584800000.0,-63600000.0,-0.06626217467667252,0.32075471698113206,-0.2857142857142857,-0.5320754716981132,-5.536192894551206,1.9639943616238023,-1.1517797573316417,5.937154899610226,10.0,-10.0,-8.25088564538112
6,FUELCELL ENERGY INC,886128,2025,19.17238392366515,99.99196926906964,-1.1880160847738395,-1.2161454710992528,,0.14056560839289678,158162000.0,-187899000.0,0.41049834124068063,0.156749156950009,-0.2837586211583273,-1.346063026445947,-10.0,-0.35010711457037824,1.2966489175067253,1.0361873324636215,8.792910141606335,-2.4558697543521273,9.019766222735852
7,4Front Ventures Corp.,1783875,2023,18.837929919979803,99.99063081391458,-0.9405962949658747,-0.213958023297583,,,97435000.0,-91647000.0,-0.06819616318879942,-1.6343637140305232,1.7794842918721603,-0.020639519328527638,-8.760085123756944,-0.7822487806798278,3.572404880782192,-10.0,5.490317037395708,10.0,-1.7435342182204778
8,"HCA Healthcare, Inc.",860730,2017,18.547477560240015,99.98929235875951,0.6345933562428407,1.254581901489118,11.439981949458483,,3492000000.0,2216000000.0,1.1150817686250758,-4.85718483690861,-0.32559506317954745,0.21403494931166422,9.656689661101286,0.5980929218796902,2.6580601435605002,-6.525274410898292,-1.662225156143807,0.7783358845800785,10.0
9,Evolve Transition Infrastructure LP,1362705,2013,17.79133940747076,99.98795390360446,-0.647571295687093,,,0.33837980890753755,44077000.0,-28543000.0,-0.2571500800539311,0.5126131135938526,-0.2885900611698094,0.45429208764156104,-7.084809077603191,-0.7094009887613116,-0.9663716619124705,7.454110178905496,-3.047886067491606,10.0,-10.0
10,"eXp World Holdings, Inc.",1495932,2017,17.77503235557983,99.9866154484494,-0.14177015244348043,-0.14113396980936058,,9.639276771194021,156104544.0,-22130965.0,1.881246824099243,0.0,-5.194244052169248,0.10048418317825705,-6.847139957452432,-1.3812051663384373,0.8187702062247123,0.458146189655229,-10.0,1.8559201241523646,10.0
11,Willis Lease Finance Corporation,1018164,2019,17.567320525523584,99.98527699329433,0.163559487730961,0.19626307556945938,2.664295747287887,0.5089370836163933,409160000.0,66922000.0,0.17457592572922975,3.570854432005663,0.19102124234310866,1.2917274256870444,1.4385702476632714,0.7420168858126184,0.4854793499011906,10.0,10.0,10.0,1.8541210431724582
12,DIVALL INSURED INCOME PROPERTIES 2 LIMITED PARTNERSHIP,825788,2024,17.4836837052506,99.98393853813928,20.74926443197953,,0.0,0.0,370462.0,7686814.0,-0.6818736088593333,0.0,6.740241451515034,,10.0,-10.0,1.3768545155947145,0.3543779327143141,0.024966435006058996,1.9123965347333092,10.0
13,Local Bounti Corporation/DE,1840780,2024,17.323277030342872,99.98260008298422,-3.1438984739629765,-1.5461744192144318,,,38138000.0,-119902000.0,0.3839677758827158,-4.346089552238806,1.1930547263681592,-1.8161744966442952,1.776356839400219e-14,2.6408884287922025,-0.030696589609703992,-10.0,5.509421693663492,-2.6121586561774395,7.479544962924558
14,"CLARUS THERAPEUTICS HOLDINGS, INC.",1817944,2021,17.305853778248448,99.98126162782916,-2.910152611592749,-2.910152611592749,,,13957000.0,-40617000.0,,-0.0,2.551479364281676,-1.710390625,1.776356839400219e-14,1.9519645826475749,-0.2110757579270631,0.2226032903130718,9.887172094762727,-9.891012689826464,10.0
15,"IOTA COMMUNICATIONS, INC.",1095130,2018,17.12499218293253,99.9799231726741,-1.3102314614344661,-0.6771237886363559,,2.8209653842846736,12061923.0,-15803911.0,4.139707884444039,0.04054414872674447,-3.576047092578597,-0.026045892015973796,10.0,1.1677556820066872,0.2758283276394727,0.6397036385805784,-10.0,2.100352198176541,-8.210110474031968
16,BANK MUTUAL CORP,1123270,2011,16.77632012290727,99.97858471751904,-0.532374503329789,-0.51332475236443,,0.5944967660128456,89345000.0,-47565000.0,,0.0,-0.17896986503418355,0.5305822784810127,-8.794541181316772,-0.3857802730053183,-0.30319751282583657,-0.14759794805318327,-4.952226566403024,5.239817752011556,-9.637484261648526
17,"ADVANCED OXYGEN TECHNOLOGIES, INC.",352991,2012,16.685132478241513,99.97724626236398,-0.37802883042398816,0.8300968070979041,,1.1317793135761978,51959.0,-19642.0,,0.0,-0.08217172308773574,0.1942551083774433,-10.0,-8.43564070757398,-9.130868276220227,-0.27112913188940246,-2.259241530592441,1.0071147636594813,0.44606560770839976
18,GOLDEN MINERALS COMPANY,1011509,2023,16.632052940265414,99.97590780720891,-0.7688718546908848,-0.7598733544409265,,2.0222961079601016,12002000.0,-9228000.0,-0.48456087610049386,0.0,-1.8048112654019166,-0.9586073500967118,10.0,0.0998060326804112,-0.8583589676427423,-0.3461577476726754,-7.42077159384239,-5.106481466423142,-7.466822131039812
19,"SoFi Technologies, Inc.",1818874,2022,16.603838810806913,99.97456935205385,-0.8496695801599593,-0.8451985701253792,,0.7680341130031632,377096000.0,-320407000.0,0.5222793660533348,1.0533361289775047,-0.06152087651125113,-1.8139645,-10.0,0.0316788964970839,2.6270415797797604,4.237970848161869,4.844291467639572,-3.323776885589122,4.038571866686422
20,"MDwerks, Inc.",1295514,2025,16.488063287699195,99.9732308968988,-1.7150227902654365,-1.6871949143434624,,32.215928182902935,2214542.0,-3797990.0,-0.06325935570216569,0.3668833630642387,-3.7891839365315008,-0.048748377169248035,10.0,2.541374504619287,-2.7637691180388546,6.790993994113122,-0.20123188329961358,-2.2279257525898015,-2.57633072617437
21,"STAFFING 360 SOLUTIONS, INC.",1499717,2015,16.483393584280574,99.97189244174373,-0.13988090289687916,-0.057979778362582494,,3.133404902402318,128829330.0,-18020763.0,1.8141889686058472,0.023615425541043816,-2.1329590357823647,-0.17212631092259373,-6.772122406113017,-1.867600364000865,1.0789545357844297,0.2990032754219589,-10.0,0.9798262770813858,10.0
22,"HCA Healthcare, Inc.",860730,2015,16.15121487276179,99.97055398658868,1.2089721749006246,2.2470187393526406,14.015500234852043,,1761000000.0,2129000000.0,-0.952299691207541,-4.012106856165285,-0.28016844321621265,0.15865142933744428,10.0,-0.011909792918195421,2.2372737974021044,-5.698911183224003,-0.423122553364446,-0.5277923462471568,-10.0
23,AMBASE CORPORATION,20639,2012,15.841728438780182,99.96921553143362,3741.769230769231,-484.6923076923077,0.3268712867216249,0.6987372923563707,39000.0,145929000.0,3.3333333333333335,0.0,2.1376527114522603,3.4225576519916143,2.0058629704387867,-2.972592030514405,-1.1044607509247386,-0.6708127345932906,9.163853719412142,6.410045612721304,3.371327226601472
24,VS Trust,1793497,2022,15.715177392044883,99.96787707627855,-137.65574514019286,,,,440964.0,-60701228.0,,,,-2.161977183385479,-10.0,-6.414753333871571,2.2991818643204236,-0.4009382904690644,10.0,0.11172009908523871,0.5156184792510766
25,Regenerative Medical Technology Group Inc.,1760026,2020,15.704800927179388,99.9665386211235,-107.03471188410006,,,,55082.0,-5895686.0,0.8297844068697472,-0.0,0.9198253674075847,-1.2165284583490388,-0.19329932795657132,-1.3375125968731576,-3.8427339361929365,-0.12695278479646446,5.480122851854259,-10.0,10.0
26,"THE CHILDREN’S PLACE, INC.",1041859,2024,15.622302387863556,99.96520016596844,-0.09643696006509796,-0.052291782630726334,,,1602508000.0,-154541000.0,-0.16334023193502645,-5.523672247477547,17.135048231511256,2.2031643232484592,-2.2392979328892686,0.34907314711744913,-1.5101552205710276,5.142450066377983,10.0,10.0,-2.0153741770830558
27,CirTran Corporation,813716,2022,15.559071362839761,99.96386171081339,-0.8736353918148518,-0.30376628951038703,,,1719358.0,-1502092.0,-0.41183722743271317,-0.015594154521668922,0.035707095661223646,0.664791553645203,-8.478345497588123,-2.6661821233386123,-2.942322071905298,-0.33596817306055077,-0.5607442094804648,5.849631866984486,-10.0
28,"Atlas Financial Holdings, Inc.",1539894,2020,15.508002922422582,99.96252325565833,-1.333542845170752,-1.409176618478944,,,9546000.0,-12730000.0,-0.9208444584487305,-0.0,0.609324143212713,-3.555217391304348,10.0,0.9905594676298476,0.15305409576838178,-0.18818166386317525,6.103607582385016,0.9888199455980005,-1.1073925607254855
29,"PATRIOT NATIONAL BANCORP, INC.",1098146,2020,15.447345253788232,99.96118480050326,-7.3021032504780115,-7.946462715105162,,0.12496243218019899,523000.0,-3819000.0,-0.11205432937181664,1.9110235846818204,-0.060409054240022776,0.7950632911392405,1.776356839400219e-14,0.2686462961653619,-1.875451933629686,10.0,1.6891059583566181,10.0,-5.6725572419658565
30,"TPG RE FINANCE TRUST, INC.",1630472,2024,15.361927894670444,99.9598463453482,1.658411975994467,1.6673136559355688,8.510123091410506,0.5678426557011815,44823000.0,74335000.0,0.6179252093560497,2.3084024735175817,0.0667255513935304,0.17725418906101803,6.498431114362372,-1.735096756172351,0.5866339284428681,6.692592401370929,0.022578315847788865,-10.0,5.0749491839166945
31,"iAnthus Capital Holdings, Inc.",1643154,2021,15.245928242575399,99.95850789019313,-0.3755726093252815,-0.1084879173275276,,,203018000.0,-76248000.0,,-8.634192079296334,3.404384515783364,85665.7824933687,-5.149788821688885,-0.6365846140594825,0.14727253523706044,-10.0,10.0,-0.7070783838013749,0.13432724356196465
32,"Appgate, Inc.",1353538,2022,15.167432387247228,99.95716943503807,-0.7051612600787549,-1.8785158447402963,,,42664000.0,-30085000.0,-0.0584184855774536,-4.993315619031803,1.249065847380221,-1.4600498753117206,8.55303223991759,1.4644878240417623,-0.07194007331816717,-10.0,4.667743764500268,-1.865007634437657,2.0577208669245506
33,REAL ESTATE ASSOCIATES LTD/CA,225789,2012,15.11504155171716,99.95583097988302,18.776119402985074,-3.925373134328358,,,67000.0,1258000.0,,644.2,251.6,,10.0,-5.1530243720338405,-1.3702939366370268,0.0,0.09176095549709452,-0.0634678029860191,0.1437609947369158
34,"MAG MILE CAPITAL, INC.",1879293,2023,15.044132517283947,99.95449252472795,-1.623291057984841,-1.617525764064269,,2.3038075500137025,1919243.0,-3115490.0,,0.0,-26.68102562345848,-1.9994312500232332,10.0,1.077304825169448,-1.7237291367374032,-0.2829062467257449,-0.8974658705038681,-3.1054763862255785,3.415352230132194
35,WOLF ENERGY SERVICES INC.,1043894,2017,15.01813886697725,99.9531540695729,7.809134107708553,-3.0774060944335497,0.1904919663683735,,265160.0,2070670.0,-0.5282345803554431,-66.54901960784314,-338.3447712418301,2.736503856041131,10.0,-2.058263705771784,-1.2802414190190994,-0.8069593668467071,-2.5583028076289933,0.7557522349361278,-3.449894105399227
36,ERHC ENERGY INC,799235,2016,14.969054433145383,99.95181561441784,-17638.152269399707,-17638.152269399707,,,683.0,-12046858.0,-0.6687681862269641,-0.0,1.7604404908715985,-2.2500029637835137,-0.12404009639823621,-2.9853433016002486,-3.742049744365501,-0.2625635328116095,10.0,-10.0,1.0100518671834544
37,"ADVANCED OXYGEN TECHNOLOGIES, INC.",352991,2020,14.9624828550681,99.95047715926277,-2.38918756082866,-2.1320850906057376,,0.24930958862921068,43154.0,-103103.0,0.12356800666527806,0.6164744408893479,-0.3369632357987692,0.47630533670673675,1.776356839400219e-14,-0.3104284517857915,-4.308468007990294,10.0,-0.8547066929499709,10.0,2.114385603705763
38,"DuPont de Nemours, Inc.",1666700,2019,14.895704540033892,99.94913870410772,0.02314986984008925,-0.022034213462253625,1.1265060240963856e-07,1.3687266694317711e-09,21512000000.0,498000000.0,-0.7497935494376403,-0.38104764925464174,0.012150193963939786,,-0.298562899005118,10.0,-3.370112436566561,-0.17440721757615926,-1.0376088494716231,0.567855445923709,10.0
39,KINETIK HOLDINGS INC.,1692787,2022,14.89485639783118,99.94780024895266,0.20661150895351424,0.12401338288737443,2.251724323052317,,1213490000.0,250721000.0,6.555177845433547,-4.042749546009348,-0.2985573516715787,1.0858223956219333,2.690827017186493,1.7659254126115491,0.6232951086621318,-10.0,-3.1010832096492447,10.0,0.0
40,United Parks & Resorts Inc.,1564902,2021,14.884669508660284,99.9464617937976,0.17058447992658257,0.28726034593976313,,,1503730000.0,256513000.0,2.4826381088473504,-62.06023705625663,-7.563185517160043,,3.634016148782254,0.5179073927499368,0.42110690981887167,-0.43043757304558106,-10.0,-0.39267067358607155,10.0
41,Beneficient,1775734,2024,14.874500996762638,99.94512333864253,21.233292129366944,26.835393531652752,,,-98696000.0,-2095641000.0,0.05916894655062296,-0.0,10.908092942878856,-0.7374940593888196,10.0,0.8910528775563349,0.833838177853491,0.27060602965570996,0.06914480421249869,-4.277693037003163,1.1767974418668303
42,CROWN MEDIA HOLDINGS INC,1103837,2011,14.852251556593124,99.94378488348747,0.9864671373480414,0.3403749988403054,0.20791000203771337,0.27236657686368565,323361000.0,318985000.0,,2.0015441732102377,1.310021519860696,0.6254808868710413,8.258323143291882,-1.0169619668413088,-1.572784269548148,-1.6695350666537208,6.750457123460719,10.0,-0.7068375116931526
43,JRSIS HEALTH CARE CORPORATION,1597892,2022,14.6659498531753,99.94244642833242,26.170345198842607,-3.6548572325774398,0.3370723439632656,0.9694866118750277,89166.0,2333505.0,-0.9979913573354485,0.0,2.8761974372500974,3.8988061940602114,4.8649840961279,-3.6949177573265968,-1.53107360444042,0.5074667578930578,8.3887587803183,2.445903650235118,-6.873654981405175
44,"CES Synergies, Inc.",1556508,2012,14.615256443445341,99.94110797317735,-1.6868852459016392,-1.6667213114754098,,,18300.0,-30870.0,,-0.0,1.225097229938884,0.0537292817679558,10.0,-0.021896664424181,-3.3164288500679877,0.05200341088886613,0.1444514456062292,1.5907921123750015,-0.22880342330933448
45,FIRST RELIANCE BANCSHARES INC,1172102,2013,14.606090828085266,99.9397695180223,-0.5260776849815654,-0.4310828325193832,,0.2555094696795014,14706060.0,-7736530.0,-0.21828397927233092,0.0,-0.2410678874950674,0.6907078048780487,-6.475982893005534,-1.0881340114014433,-1.2131280268579288,-0.3937813936039988,-2.579133574695869,5.321023524442222,-10.0
46,EMPIRE STATE BUILDING ASSOCIATES L.L.C.,32776,2012,14.595690816886433,99.93843106286724,0.3076980453042735,,0.0,0.0,34401876.0,10585390.0,-0.07623859713643137,0.0,1.202757980945425,,10.0,-5.211871452244728,1.791282750396441,0.14597536751203158,0.5921440883176138,1.479821061449507,-8.949864730396333
47,"VIDEO RIVER NETWORKS, INC.",1084475,2023,14.590086032154206,99.93709260771217,0.7463380945001076,0.7463380945001076,3.6426215561281063,0.5176266983401774,664613.0,496026.0,-0.8281116523071408,0.09356061712925004,0.14210279337675263,0.333013805909228,-10.0,-0.6663917358665528,-2.142467931982075,0.2461887275501246,0.07348417175401684,1.5870324795135997,2.291655021236028
48,Centrus Energy Corp.,1065059,2012,14.56758033586356,99.93575415255712,-0.6259319117877066,-0.6007507429226839,,,1918100000.0,-1200600000.0,0.14732623519559757,-1.1207443434129838,2.538803129625714,1.2130730050933787,-2.0517569371321622,1.0724235025160704,0.8307316673835015,-10.0,-10.0,1.029422627406433,0.5466771988453297
49,SMART POWERR CORP.,721693,2016,14.54542726559204,99.93441569740206,274.96930022573366,1558.303235515425,10.278757423361032,0.09317585124589606,6645.0,1827171.0,-0.9997271663484634,0.0,0.009064894462255793,2.103940743564959,5.189878817307407,-4.167033213983086,-0.10828844453424126,-1.22466820404089,0.34218992501331785,10.0,-6.2064492224086765
50,OMEROS CORPORATION,1285819,2016,14.538790184055348,99.93307724224701,-1.603791719729918,-1.3041785808683952,,,41617000.0,-66745000.0,2.0806869494411133,-1.869308622853633,1.7823857718909393,-0.1333021780730594,10.0,1.8716057180175114,1.0498548493995354,-10.0,1.8387062690586957,0.1399304662113062,0.5472173600373199
51,"AXOGEN, INC.",805928,2011,14.505285002346746,99.93173878709194,-1.901077849744405,-1.437007961694783,,1.3815516865682138,4849470.0,-9219220.0,,0.7253163195541904,-1.5184491534259161,-0.8439731708832005,3.9279604426817913,0.774183361828859,-0.19883806571372487,9.491895950438103,2.033859719433311,0.31887464167307866,-0.03417859775331529
52,"loanDepot, Inc.",1831631,2023,14.501834203453008,99.93040033193688,-0.8265009792665631,-2.0884116371385906,,0.1735536804242538,133263000.0,-110142000.0,-0.3343639487722523,3.2279100731883195,-0.15634421789565128,-1.4248875222996757,10.0,1.8324292607136714,1.0655144494589452,10.0,2.3092281436802042,-0.5227155583947651,0.45200780121744294
53,"Velo3D, Inc.",1825079,2023,14.449263354902206,99.92906187678182,-1.745012460777604,-1.720671978100022,,1.7893822748451094,77443000.0,-135139000.0,-0.041036690317867185,0.3673953340792572,-1.1283963193667441,-0.4929351376574895,10.0,1.7437997524042153,1.1303284555420994,0.7160198920267797,-0.6331352051794866,0.7579147942893305,-1.7247469368600825
54,JIN WAN HONG INTERNATIONAL HOLDINGS Ltd,1615169,2015,14.44655291604435,99.92772342162675,-1.7316597294484912,-1.7316597294484912,,,7688.0,-13313.0,,-0.0,1.792996632996633,-0.13213333333333332,10.0,-1.303900794290941,-2.5624026471023513,0.3327475008047467,0.31277942005296205,0.2903401605870525,-0.3794433753403018
55,"Angel Oak Mortgage REIT, Inc.",1766478,2022,14.38337492004439,99.92638496647169,-1.6256404486602507,-1.6555597867479055,,0.6617923790273132,115544000.0,-187833000.0,0.9080835603996367,0.0,-0.7942904021075867,-2.115827476038339,10.0,1.3490379588765604,0.5946392242533575,-0.3330075664144914,1.5212534334431032,-1.43972931288305,0.45831029513322913
56,Vecta Inc.,1571398,2018,14.377092345448121,99.92504651131664,0.538841778697001,0.6814270941054809,213.41444363413044,1.0234752297077103,96700.0,52106.0,-0.9651614641840397,0.0,0.004795716785984351,0.03457967785213414,-10.0,-1.448361681134484,-1.7327685648408842,-0.20182768759609374,-0.5948143239834441,-0.9924801488486152,-0.4700962768504494
57,"REDWOOD TRUST, INC.",930236,2012,14.373210763941197,99.92370805616157,0.5694819002178197,0.5750613698440687,7.507077484081992,0.8675945679744318,231384000.0,131769000.0,0.06540687635544873,0.12235081970663869,0.1155702162145095,-0.45514249663541023,7.696665379751726,-0.1441348344691348,-1.834330173360269,2.199009599526777,1.9627117647933878,-5.939452945777239,0.0023823995749880523
58,"NewStar Financial, Inc.",1373561,2015,14.326103606373435,99.92236960100652,0.9200849812060794,1.571117284959416,15.223195677915927,0.38988377929210677,18357000.0,16890000.0,0.6366797432239658,5.059941347550638,0.02561116519429003,-0.8454231106883942,8.969466027891807,-1.753296591281227,-0.2571136645882843,5.889040699401941,-0.19127202476546015,-4.629198919055647,4.5713998646748895
59,SUSGLOBAL ENERGY CORP.,1652539,2019,14.318035281027802,99.92103114585146,-2.091605000169774,-2.091605000169774,,,1384193.0,-2895185.0,0.38404629109314414,-1.204550348968077,0.9036107162943529,,1.776356839400219e-14,1.2723755213739016,1.9994454445278367,-10.0,0.14028939411370944,1.6488470705128169,9.831125824628772
60,"KULR TECHNOLOGY GROUP, INC.",1662684,2018,14.312720998411997,99.9196926906964,-1.6155367071995277,-1.6338636199518377,,,1274028.0,-2058239.0,4.407956397718012,-0.0,16.44788511791077,,10.0,1.142495018588417,1.0616482522276673,0.3011007112791091,0.22612396051134484,0.7800831285063405,-1.292774971986987
61,"XOS, INC.",1819493,2023,14.29498722865376,99.91835423554134,-1.703456640388114,-1.4591334815713226,,0.32029383131250555,44523000.0,-75843000.0,0.22396635144051022,0.06604566775820869,-1.6780909815027878,-2.7138712351478307,10.0,1.5239829456466738,0.7075610518158395,-0.19645792423930597,0.4765580764537734,0.866477858272194,0.7120435461400945
62,CAPSTONE SYSTEMS INC.,1651577,2018,14.294635817963222,99.91701578038628,-1.5936611805142442,-1.5936611805142442,,,30258.0,-48221.0,-0.8280590297705976,-0.0,1.034274928683268,,10.0,0.6444627943093169,1.1267089578464506,0.12260002720875715,-0.7330805474902664,1.0389029414405984,1.0099755550222727
63,"Evergreen Sustainable Enterprises, Inc.",1527102,2012,14.293809490628304,99.91567732523123,-1.6344953080957647,-1.601063260427445,,,28027.0,-45810.0,,,1.260698461623139,-0.03790595308390144,10.0,-0.0768645329983522,-1.1029832240656485,0.8122805269316706,1.080524091680122,1.1182150296543263,0.11301674961739601
64,"Hongchang International Co., Ltd",1086303,2016,14.29166957876897,99.91433887007616,-0.8421673432087221,-1.5296580451830915,,,188212.0,-158506.0,-0.9713890085160157,-0.0,4.063006254485799,-0.6277192574885931,10.0,-0.19277249315442532,-1.290740367155393,0.27459520925572095,0.6914465807858002,-0.49652051799326724,-1.322351651934588
65,"VIP Play, Inc.",1832161,2023,14.280003840310297,99.9130004149211,19.46163255320884,,,,-36789.0,-715974.0,-1.469205555626411,-1.96297143068286,1.653454714249094,,10.0,0.22624940001354188,1.5786267389819524,-10.0,-0.0983551357385528,1.146959620855344,-0.2237596984327881
66,"KonaTel, Inc.",845819,2024,14.270546901618138,99.91166195976604,0.2896694377198692,-0.2927818816840416,2.367944102833827,4.234297391333433,15503251.0,4490818.0,-0.14928292730171544,0.0,1.7881745545708008,-0.37547157675103815,7.387671239814541,-4.903936149113772,-1.0640047469767704,0.1646354411691381,-0.4035291276397868,-4.471298840757372,-1.9255318119483955
67,YUNHONG GREEN CTI LTD.,1042187,2022,14.259033804143543,99.91032350461097,1.3297872340425532,-0.06205673758865248,0.163,1.4246176256372907,18048000.0,24000000.0,-0.250674654377421,1.7698470502549162,8.739985433357612,0.6053169734151329,0.7452481460259696,1.1589040447650485,-1.914202438041752,9.711351193103923,0.0,10.0,-1.8165373322417189
68,"IOTA COMMUNICATIONS, INC.",1095130,2016,14.234201399784691,99.90898504945592,-1.6618285115684943,-1.645570621529318,,,1871030.0,-3109331.0,2.8636729704168404,-0.29399312838594277,2.0005732779143237,-0.0969684804556238,10.0,0.6356711863418596,-0.5169796359692722,-0.061357158782666496,-1.2471542302041423,0.5574626940056886,0.2668719888302879
69,BNB Plus Corp.,744452,2021,14.214446826253674,99.90764659430086,-1.5825051635304437,-1.4526142650573155,,4.1210516635911745,9027738.0,-14286442.0,3.6739591104723437,0.0,-1.2854839644301053,-0.29231342794759824,10.0,0.9791901987161049,-0.08705984693093878,-0.25593370265243304,-0.8156600803967345,-0.23486753546005507,-0.5460215454215678
70,"Soluna Holdings, Inc",64463,2013,14.195118362736098,99.90630813914579,0.4375,0.04322318007662835,677.9173508483854,730.280070754717,8352.0,3654.0,-0.998584406779661,0.0,1.0772405660377358,0.00041055907892665244,10.0,-10.0,-0.19171406648903208,0.3044850521794302,0.19125418446168269,1.1110166468287723,0.09918084943750571
71,"T2 Biosystems, Inc.",1492674,2020,14.17575023413097,99.90496968399074,-2.581246552675124,-2.281081081081081,,16.94934677973871,18130000.0,-46798000.0,1.1751649670065987,5.18393307357323,-5.363052945221178,-0.29219066937119675,1.776356839400219e-14,1.1392355015665798,0.8407396202096044,10.0,-0.2964678961603399,0.13849514256600026,9.941836849671002
72,"VIP Play, Inc.",1832161,2025,14.158976286782309,99.90363122883568,218.3563771350595,,,,-86473.0,-18881931.0,0.9212718072350584,-0.016515654404372148,0.6084507682194323,-5.45819823968352,10.0,0.22704156649832272,0.3999674898827597,-0.30570399522123104,0.2130519365577888,0.279181354205111,10.0
73,FGI Industries Ltd.,1864943,2025,14.09546967064022,99.90229277368063,-0.04703584926319472,-0.01840251901168795,,0.09701565380244075,130528652.0,-6139526.0,-0.009781822557821795,0.0,-0.35523190825931084,0.40150625978090765,-1.6396829469889815,-1.6610510784715307,-3.9809412740840893,-0.10260672804569602,-6.4918506475122095,5.710908008921735,-10.0
74,"CytomX Therapeutics, Inc.",1501989,2024,14.08838787650467,99.90095431852556,0.2307625467947836,0.18098810308248192,2.9621262041482317,,138103000.0,31869000.0,0.3644653901634161,-0.0,-69.88815789473684,-0.9134639830508474,7.945236698660792,-1.6915411876888045,1.0920649377056737,-0.42449680782175275,-0.3301853706892278,1.3767291400294606,10.0
75,"SOLERA HOLDINGS, INC",1324245,2015,14.070058043952484,99.8996158633705,-207.04928131416838,244.74948665297742,,8.857753606966812,487000.0,-100833000.0,0.2297979797979798,10.893667452364335,-0.4425935923940954,0.10699702675916749,-10.0,-3.704179874479584,0.995457681271777,-0.22737118690489277,-0.5887733687714923,-0.5211887106288456,0.36585317761044156
76,"VOLT INFORMATION SCIENCES, INC.",103872,2012,13.985652000611223,99.89827740821544,-0.006056202521050679,-0.003283874865490687,,0.5864002826582726,2246127000.0,-13603000.0,,0.06296213021552693,-0.08738637458645168,-0.44298985561227844,-1.4582657221265978,5.372384568891309,-1.7883683375778714,0.29471807678064754,10.0,-7.508110089979636,0.0
77,VALERITAS HOLDINGS INC.,1619250,2016,13.947513190023754,99.89693895306037,-2.3717135549872124,-1.7275191815856779,,,19550000.0,-46367000.0,9973.489795918367,-1.6158356164383563,1.2703287671232877,-1.9574226746770906,-0.22574602567473329,1.7938934136168747,1.171445367472277,-9.876611562501665,0.41339370548280235,-0.8156693290121505,0.0
78,"FUSE MEDICAL, INC.",319016,2022,13.896356648811912,99.8956004979053,0.1661651322965179,-0.04371581885850756,0.3326334449389031,,18644784.0,3098113.0,-0.08667878760090736,-0.0,-9.966456921899027,0.03376786448993534,5.380228879955818,-6.763333493072176,-1.8429156282665815,-0.1844298139290728,-0.00392514869648785,2.463423205280689,-9.681336839529568
79,PBF LOGISTICS LP,1582568,2016,13.893216228196792,99.89426204275026,6.866492807268444,9.426684613443257,5.059910318296538,,11887000.0,81622000.0,,-17.257885635919145,-2.4334267485540515,0.24120581113801454,10.0,-3.0888992717502215,-2.3682801760613987,0.0,-2.6645352591003047e-14,2.734407325504609,0.24533188445429285
80,"STERLING INFRASTRUCTURE, INC.",874238,2017,13.85151692363574,99.89292358759519,0.012126836458383352,0.027324788769445007,28.988009124558836,2.3826969073040267,957958000.0,11617000.0,0.38809748407168,0.6377703720999341,0.08219594857535041,0.06832590069046962,-1.4375518503459905,1.3997336352475007,1.301064514532135,8.491522219934062,0.11000981965700408,-10.0,3.568804484363142
81,"MAUI LAND & PINEAPPLE COMPANY, INC.",63330,2014,13.802139501864756,99.89158513244014,0.5342806071439392,0.6030538976580725,2.553104111142614,,33007000.0,17635000.0,1.1698001577701815,-3.304966407587933,-1.1615729152944276,-0.06076760276537902,-0.12193276306485712,-0.0693432208027962,-1.099520023464626,-10.0,-6.44270067654565,-1.0298977857137452,-6.765208603558761
82,"LIFEMD, INC.",948320,2025,13.7437542696069,99.89024667728508,0.07396919097214803,-0.0395232597685943,35.702120145970774,22.130729883255643,194055198.0,14354106.0,-0.08660064780754867,0.0,0.6198715872551128,0.016157321229892635,1.719350001340287,-0.8300224060897078,4.711888678912495,0.034648000255398145,3.6464727992401778,6.500239911485935,-9.675862123368995
83,W2007 Grace Acquisition I Inc,916530,2013,13.612178192310765,99.88890822213001,-21.975609756097562,232.71951219512195,,0.0,82000.0,-1802000.0,,18.215060156139995,-0.028192812553780686,,-10.0,-3.686761109025392,-0.34661198471821525,0.00835077581378136,-0.43881964326115525,-0.5480439997104345,-0.32854957483918884
84,"CPI AEROSTRUCTURES, INC.",889348,2022,13.529570575996521,99.88756976697496,0.1101114882681102,0.058728627003407564,2.053727867396451,4.490191635513685,83335764.0,9176225.0,-0.193807375216824,0.4266700500115558,2.1863615461409616,0.050109073963614276,3.1544736184409605,-2.970921497493376,0.42526521201616485,7.78340242883205,0.9273061641424553,1.5921397062382738,-10.0
85,VALERITAS HOLDINGS INC.,1619250,2018,13.426654694152461,99.8862313118199,-1.7398666565648913,-1.5944389726494432,,1.818419133599272,26398000.0,-45929000.0,0.30392689552976043,2.812793057596753,-3.214290713135979,-1.43129894015758,10.0,0.8135972039012095,0.05243782986351115,0.2615935208973955,-0.2926042429949532,-1.6907225674048787,3.3037074849617327
86,EP Energy Corp,1584952,2018,13.412529562679634,99.88489285666485,-0.7575528700906344,-0.5400302114803626,,,1324000000.0,-1003000000.0,0.24202626641651032,-7.153589315525877,1.674457429048414,3.2090760091477524,-10.0,0.22569635384688036,0.06181816082215187,1.5718265352961052,6.571463895060827,2.0617040122137147,0.6384160170134007
87,"Royal Bakery Holdings, Inc.",1594485,2014,13.351985399908601,99.88355440150978,-0.6831877430575912,-0.6850129956420629,,2.7001945336056803,255855.0,-174797.0,,0.0,-1.7001945336056803,-1.1557057278815015,10.0,-1.2277231552445549,-1.609126533230434,0.3284779060264776,-7.83397783678964,-2.9243673293189967,0.772623880788934
88,CENTRIC BRANDS INC.,844143,2018,13.327607386774448,99.88221594635472,-0.20745153385338969,-0.15346747077616232,,0.5145303860776953,596602000.0,-123766000.0,2.636641816973783,14.909795267279945,-1.4844141669765043,-9.268461538461539,-0.14915967219909884,1.0462388818488915,1.5623772608601374,10.0,-1.1257666217731654,-5.575491998027273,6.452446859558584
89,Willis Lease Finance Corporation,1018164,2024,13.299531686689905,99.88087749119966,0.19080746912897054,0.25367562449163156,2.2115420027252974,0.43725356702066853,569223000.0,108612000.0,0.35997180776719906,4.122329057884217,0.19771433980536574,1.1840383014154872,2.0993554127798295,0.6257464992524594,0.290751087338949,4.960579185829516,10.0,6.158293865670378,1.9214353148198398
90,"AMERICAN BUSINESS SERVICES, INC.",1532882,2012,13.288301286267977,99.87953903604459,0.6026490066225165,,3.8736263736263736,,12080.0,7280.0,,-0.0,-0.6959181722588663,0.3398936170212766,-0.3836948984339087,-4.934102233381597,-9.237792037926091,-0.0,-2.789615076835458,7.300012772058612,0.0
91,"APARTMENT INCOME REIT, L.P.",926660,2025,13.26759803398452,99.87820058088954,0.229925590097507,0.27098719826923223,0.0,,793174000.0,182371000.0,-0.00927678081841017,-0.0,-0.5893734326120117,,7.912003163091197,2.7359271088021555,1.1444167197464963,-0.18396322584233196,-1.0535130514249602,1.4872673042775015,-4.258312293666561
92,Castle Brands Inc,1311538,2011,13.209206295499913,99.87686212573448,-0.19711934228401193,-0.16961375087054287,,0.5092948430926251,31997276.0,-6307282.0,,0.358354645402556,-0.3824126424441593,-0.5011078571428571,-2.614244190284455,-1.5213201655380277,-1.7744332123428705,6.633127826690773,6.117199136652071,-8.464239012931431,0.1501815859624482
93,Rubicon Financial Inc,1103977,2014,13.194590809596596,99.87552367057941,-0.06040522455180036,-0.05638245156419315,,,21986575.0,-1328104.0,0.21744097786093916,-0.04045518946957924,2.602630253599403,-0.05145067427390432,-3.6163345478004882,-6.345759476974294,-0.2426445174583423,-0.7482928223571571,-0.7525179066535554,0.12285751075765794,10.0
94,"SANGAMO THERAPEUTICS, INC.",1001233,2024,13.143452952386497,99.87418521542436,-1.6944809688581315,-1.798771626297578,,3.2607007026789634,57800000.0,-97941000.0,-0.6720232420899723,0.0,-4.301317523056653,-0.9042757837089341,10.0,1.3540729290582498,1.0400281303980772,-0.11011795495806254,-0.5854905449337566,-0.15106655597463528,-0.43400896650506426
95,INDEPENDENCE TAX CREDIT PLUS LP IV,940329,2016,13.09196105318213,99.8728467602693,3.9250934833844187,,-0.5518238616538077,,1702709.0,6683292.0,-0.5814119570946451,-1.1505860619457549,-1.575996102510023,0.6585151843817787,4.2116872714540285,-1.059200198638045,-0.2732599442092976,-1.6487716376354868,-3.456413627374397,8.66450867124877,-6.982925290254882
96,FEDERAL NATIONAL MORTGAGE ASSOCIATION FANNIE MAE,310522,2012,13.05663522220807,99.87150830511423,0.13332301261707563,0.1332920504683025,0.017475615420343708,0.04190449672838647,129190000000.0,17224000000.0,-0.09621317588129534,428.9017123764444,2.397883892524015,122.92691029900332,0.3470451270478574,2.36603539233942,2.3539112768141077,10.0,7.6349746972507075,-0.21367065189815432,-0.9019434491558584
97,American Housing REIT Inc.,1506385,2011,13.02804006371671,99.87016984995918,-1.651755233494364,-1.617133655394525,,,31050.0,-51287.0,,-0.0,3.1563173118345746,,10.0,-2.070181144493651,0.022327379722307424,0.47839680832258125,0.17738432500435686,-0.2085768699775075,0.18329173020783618
98,HALL OF FAME RESORT & ENTERTAINMENT COMPANY,1708176,2024,13.011952703497764,99.86883139480412,-2.6342927236448404,-1.3989698543327473,,0.1917444777732761,21205933.0,-55862635.0,-0.12116782519182917,3.357445209456918,-0.7632040818152799,-0.7777122656213539,-0.200431148450896,0.7620457064758311,-0.9968048837735941,6.479438165137546,4.7710244007554445,-1.3042703182469506,-1.1178072491335125
99,"KORE Group Holdings, Inc.",1855457,2024,13.002748381403014,99.86749293964905,-0.5105999224012276,-0.35930678429988083,,,286087000.0,-146076000.0,0.034261234228697444,-3.0436746987951806,1.4666265060240964,0.7679069767441861,-3.079663405191076,-0.2027139031200342,-2.2939140156329616,0.6400917786381488,7.1929883154525935,6.229381223419144,0.19163658957121063
100,Federal Home Loan Mortgage Corporation,1026214,2015,12.918014691551356,99.86615448449399,0.0950365181100015,0.13823222536890745,0.21957340025094102,0.47619047619047616,67090000000.0,6376000000.0,-0.03439838802533103,0.0,2.1687074829931974,-0.6671428571428571,2.55588284476021,10.0,2.793305029687412,0.3168149897905938,1.1552821827124298,-1.3129090507316619,-6.018409973013391
101,"TOTAL SYSTEM SERVICES, INC.",721683,2016,12.872521857058965,99.86481602933893,0.07665038319436308,0.13749913970413497,29.956954429698598,4.559878947769439,4170077000.0,319638000.0,0.5002754051838055,1.6001823879004915,0.1522143700712408,0.07497445793540748,0.39489703904241463,0.3425060092323322,1.9475972250962075,5.0968957015059555,0.5185972675033792,-10.0,5.90767564284378
102,"NEUROMETRIX, INC.",1289850,2019,12.859306693973188,99.86347757418388,-0.4069026743748896,-1.2439669595823013,,1.5386920735394434,9272522.0,-3773014.0,-0.42371395447323074,0.0,-1.4911719627512712,-0.9301360225682854,10.0,-0.5134466271590578,-2.89082902893134,-0.4456077704060784,-3.860203884780334,-3.784282623809026,-5.200983368517602
103,"SANGAMO THERAPEUTICS, INC.",1001233,2022,12.855302116866874,99.86213911902881,-1.7275806611020763,-1.8084708757491084,,2.1457995816353517,111299000.0,-192278000.0,0.00540193855520727,0.0,-0.651882640918368,-0.3533254344086897,10.0,0.9734597107728314,0.6771514137990328,-0.39574316734838494,0.1391438713452836,-0.19545913153787034,-0.941286710105889
104,Li-Cycle Holdings Corp.,1828811,2024,12.829893592854846,99.86080066387376,-4.917857142857143,-4.482142857142857,,0.4751045229950589,28000000.0,-137700000.0,0.5300546448087432,2.8358038768529075,-0.5233751425313569,-0.8512,-0.17807245398799454,1.493975391512891,-1.1612848171508008,10.0,5.019449193964918,-4.649706203324997,3.7610377300724678
105,"Assertio Holdings, Inc.",1808665,2023,12.829601948345704,99.8594622087187,-2.182838053778219,-1.601483537078563,,2.1463301522430673,152069000.0,-331942000.0,-0.02665872985393704,0.27908088954587945,-2.4053245219306825,0.1674679270762998,-0.0279918686686441,4.211699711973729,1.4336315449990824,5.151443527531702,-2.6645352591003047e-14,3.624258933120372,-2.265295898106294
106,NORDICUS PARTNERS CORPORATION,1011060,2015,12.821569352239388,99.85812375356363,-0.12354312354312354,,,,2574000.0,-318000.0,-0.019801980198019802,-0.0,1.8928571428571428,-0.2226190476190476,-6.123388519344453,-10.0,-0.7460083179074154,-0.0,0.5943738663203342,-1.0146540979850538,-4.995740390926595
107,American Strategic Investment Co.,1595527,2024,12.821378787124807,99.85678529840858,,,,0.14955717056527937,0.0,-140591000.0,,0.0,-1.6426868880424368,-0.312421875,6.398552511203828,3.051222260406166,0.762149193019247,0.22289066430829782,-8.983048601205825,-1.2389681710897122,2.0066516005263066
108,"ZENTRUM HOLDINGS, Inc.",1818152,2021,12.803249919314911,99.85544684325352,-17.91720705775901,-17.91720705775901,,,13262.0,-237618.0,3.066850659306961,-0.0,0.5682792201580347,-1141.720207253886,-4.021062757002221,-4.441256224636616,0.30557781230798264,0.3381430305465103,-0.11556750124859036,0.7842624797726054,10.0
109,OASIS MIDSTREAM PARTNERS LP,1652133,2019,12.78266980647846,99.85410838809847,0.28683223181395984,0.5674722263530891,1.9764006935472904,0.7953463077607141,410191000.0,117656000.0,0.510148256959094,1.568218353456237,0.40242158908232717,1.0860238914161027,1.0070496853843425,1.1270981619749905,1.5083832124699523,10.0,3.2524503756470344,3.2757554875696897,5.221744724841216
110,"APPLIED UV, INC.",1811109,2023,12.779743842339013,99.8527699329434,-0.32427405659603514,-0.48059211279244546,,0.34609613604726286,40718188.0,-13203852.0,1.0217722585705582,0.21811158529337604,-0.6566751197212133,-1.1808255496479378,-4.059321672079537,-2.253431357709002,-0.136331662047766,2.0363103677011445,1.2372462516247427,1.3387862366643086,10.0
111,NORDICUS PARTNERS CORPORATION,1011060,2019,12.774523930747716,99.85143147778834,0.09982068141063957,0.22444710101613868,4943.11377245509,,3346.0,334.0,-0.9988533241946539,-0.0,-2.287671232876712,,2.7458504520926605,-10.0,-1.5076726355128327,-0.042059354807571996,-0.25761256665786597,1.2467741563555512,0.08033966168363271
112,"PAYSIGN, INC.",1496443,2013,12.757423356553419,99.85009302263327,0.09697123808892703,0.10618731363620583,10.609370197683772,110.39895888267016,6307891.0,611684.0,-0.05857824949838726,0.0,10.40579759454264,-0.09557980775957527,2.632705917502262,-9.508309336680233,0.30410910852133766,0.0,0.0,0.7325851703454832,-7.7125260267796225
113,INTERNATIONAL STEM CELL CORPORATION,1355790,2013,12.754011862010932,99.84875456747821,-1.7047340165934601,-1.2275906946477957,,,6147000.0,-10479000.0,0.3459601488942413,-0.0,2.4814113189675586,-0.30000532113020806,7.530049838179006,1.1643037602272976,-0.08923504173949708,0.6865234904774109,0.6616477014969044,-0.9083125916290306,1.6927722599679365
114,CirTran Corporation,813716,2023,12.687922511910552,99.84741611232316,12.553528513477726,-0.009229971512509993,0.006729326569520651,,1616148.0,20288360.0,-0.06002821983554327,-0.029140235050922496,-0.9315695598701207,-0.5318142198978957,1.186661923819577,-0.323256800147543,-4.6738955219327805,-0.3702915870865793,-1.1784772885474062,-8.639674074880332,-7.814115443592369
115,"METRO ONE TELECOMMUNICATIONS, INC.",920990,2022,12.675734534482718,99.8460776571681,-52.56755418122432,36.44671566068297,,3.9925445539185667,74703.0,-3926954.0,,0.6002164089049936,-1.2030405083526057,-0.1382693999920813,-0.1813292391752323,-0.10446962609032569,-1.0828013181808867,7.368877230441136,-2.1762333989776,-0.5881956345530602,0.275091893049409
116,GeneDx Holdings Corp.,1818331,2023,12.658221617854307,99.84473920201303,-0.8677023784840496,-0.8915415222692851,,0.42102123964441246,202566000.0,-175767000.0,-0.1368931459687934,0.24669213260414793,-0.7708504190477026,-1.87653125,-7.50967069184743,-0.008395398577769131,1.8193852504786465,1.4521569172452007,2.2070907087696345,-0.8767931693404848,-6.274232273015134
117,"NEUROMETRIX, INC.",1289850,2015,12.65603388770336,99.84340074685798,-1.2585701310852444,-1.818697969678746,,0.8152897448543738,7299830.0,-9187348.0,0.32416878357208834,0.0,-0.7313190754732181,-1.279001863555917,10.0,0.9233446467299067,-0.4753054347030226,-0.18673142520342212,0.4112929051346672,-0.3979795496623419,1.582570245019134
118,"PREMIER PACIFIC CONSTRUCTION, INC.",1589919,2014,12.652067272789179,99.84206229170292,0.1674822905964419,,0.10380175962547421,0.7216610549943884,73972.0,12389.0,,0.0,6.952300785634119,0.29704510108864696,5.4325300651351105,-10.0,-4.230827042885907,0.0644752624121,0.33453851671063733,3.5420972348518824,0.0
119,"OZOP ENERGY SOLUTIONS, INC.",1679817,2022,12.62213378368661,99.84072383654785,0.3623578651127969,-0.27732035635574237,9.358544209477495,,16629450.0,6025812.0,0.394081705279033,-0.7068396223611816,-0.2984258313889982,-0.1524891782337995,8.42674036582997,-1.6109795505987479,-1.592266394060059,-7.961236276732743,-1.3942577924408068,-3.606423349057961,1.064935791061185
120,"agilon health, inc.",1831097,2025,12.615538654861659,99.8393853813928,-0.06596577945229863,-0.07808344975268754,,5.597550775640317,5932576000.0,-391347000.0,-0.0211126749640708,0.2760742973471996,-3.0879400950021303,-0.14908796165773894,-3.837130796487798,7.832383523047797,1.4930034663792384,5.110122409354292,-0.37831565895775293,-0.6478943574423079,-5.087571729465431
121,CERES CLASSIC L.P.,1066656,2021,12.56425205287694,99.83804692623774,-1.2617430067001283,1.0073298349285797,18.323952124234882,1.0826130984597824,-6410922.0,8088936.0,-1.0991707339754146,0.0,0.059081855874745536,,10.0,2.268109515834952,0.1566338170643802,-0.22004775882013064,0.7524397833152562,0.6852306226983298,-1.6025327874398878
122,CapForce Inc.,1293818,2024,12.562704341537275,99.83670847108269,2.3080131073993453,0.062491856950214475,0.27516555794402964,0.4471164242392382,5196149.0,11992780.0,0.5200885230171546,0.0,1.6248996697841973,-1.47568,6.628264274183462,-3.491337923276828,0.6832409845643737,0.17794601005530866,0.5486438354961106,0.8834292933842743,10.0
123,Q BIOMED INC.,1596062,2022,12.54815062235737,99.83537001592762,-7.216734891964888,-12.117431915372496,,,284352.0,-2052093.0,0.45376462829184494,-0.0,0.44442396644707804,1.4933876923076923,1.776356839400219e-14,0.7009113865385564,-1.4038817318335333,-0.03251023201810269,6.532757359067471,3.509408457984947,10.0
124,"Lucid Group, Inc.",1811210,2024,12.541912871645609,99.83403156077256,-3.359537626635241,-3.7394161162221846,,0.6197047519993224,807832000.0,-2713942000.0,0.35708274046610705,0.5169760370500814,-0.7007678141877272,-0.8415308333333333,-0.1808421507190595,1.6005721687534646,1.115427153188514,0.7885763856814085,5.0507021907947856,-10.0,5.214261272437385
125,"BIOLASE, INC.",811240,2018,12.525829960016956,99.8326931056175,-0.46616834579135524,-0.45249702090781063,,0.8636630895482009,46155000.0,-21516000.0,-0.016430124025060736,1.1272432139958517,-1.9403011993867796,-1.4771602437465805,-4.016616241475352,-1.2426413021473226,-0.16398570737535162,10.0,0.09456228007160251,-3.6705160458293844,-0.40927526310186135
126,APA CORPORATION,1841666,2021,12.491449213773334,99.83135465046243,164.125,357.5,6.227346782939833,,8000000.0,1313000000.0,,-4.5736677115987465,-0.8231974921630094,0.42756647651372465,8.363458772705801,-2.9375795509217495,0.5397791383475079,-5.88350999811115,-0.6824843248385669,-0.003474726324204924,0.14506547752600168
127,Gulfport Energy Corporation,874499,2021,12.481373411761155,99.83001619530738,-1.8754232339575,-1.5724627311774848,,1.100416310361485,866542000.0,-1625133000.0,0.0,1.1145580434819993,-2.540592214386548,0.13539423213524648,4.164703059896247,3.2241841307770702,2.136553552845083,3.989549807250662,-2.6645352591003047e-14,2.592116027123445,-0.918767168969074
128,"CARVER BANCORP, INC.",1016178,2023,12.477628006699302,99.82867774015232,-1.5181096929975855,,,0.3738208915620025,2899000.0,-4401000.0,-0.4181051786431152,0.9044533875818149,-0.09731558464532107,-0.6218621485470324,10.0,1.4870462531307136,1.1607715051099017,6.375744338038679,-1.3353164325219895,1.2847686589314293,-2.8370208461647928
129,OASIS MIDSTREAM PARTNERS LP,1652133,2018,12.47404800462929,99.82733928499725,0.1842811543941419,0.547692942055717,3.0359071621216662,0.6368115199262456,271623000.0,50055000.0,0.4906649251437854,1.3326069647571555,0.20975987931106735,1.3490974766753547,1.0689792487817409,-0.5393025731692614,0.09881779316582921,10.0,0.37096596540043725,4.124560115160655,5.658273651109344
130,"DMY SQUARED TECHNOLOGY GROUP, INC.",1915380,2023,12.414267116772956,99.8260008298422,0.7302687196195748,-0.599652881436978,28.253408569957042,,3145323.0,2296931.0,4.556194830178081,-0.1866207207771266,-0.45223919269433577,-0.009250813569314533,-6.160003091478772,-0.27258540840271706,-1.7460307675245734,-3.454340865689858,1.0183888524479054,-0.271542676365572,-10.0
131,"SPARTA COMMERCIAL SERVICES, INC.",318299,2025,12.390242990240663,99.82466237468714,-8.978016846109432,-5.201079203885474,,,235544.0,-2114718.0,0.22653613830451988,-0.7210546740905275,0.18216955398687945,-1.8079683243082705,-0.23717904634277218,-0.2705962268697948,-2.819089695307085,-1.8331426199452117,6.176269532089862,-1.9835980517534093,10.0
132,APA CORPORATION,1841666,2022,12.315202949200867,99.82332391953209,408.2,556.5,2.8430419853013227,27.435691215130024,10000000.0,4082000000.0,0.25,12.886524822695035,9.650118203309693,0.42592618150525113,8.97649305898312,-3.8410276094181732,0.3238300165443513,-0.1899105119667193,0.5583363438479431,3.4267629209598574,1.1662334680634618
133,LONE PINE RESOURCES INC.,1506932,2012,12.312210031186233,99.82198546437702,-1.6972063032820837,-2.160568012512596,,1.0841616518268344,161757000.0,-274535000.0,-0.15399058577405858,1.5831170160307404,-1.277132702524167,0.34566303572873597,10.0,1.8029558959540313,0.3755700163473021,1.8703451732567045,1.5249496703968073,5.797862459055989,-2.954452084851775
134,IMPERIAL INDUSTRIES INC,49930,2011,12.294193588608703,99.82064700922196,0.3798289183222958,-0.20019315673289184,0.5400820922629859,0.8505983981693364,7248000.0,2753000.0,,0.04977116704805492,1.5749427917620138,-0.3900874737531661,7.822987637529002,-7.3626377874533375,-0.7045538659133576,0.5082004890192954,-0.43991209358233796,-2.7539587929482794,0.0
135,"TSS, INC.",1320760,2018,12.292498498422281,99.8193085540669,0.10911126035370494,0.1283187821804343,2.110263438654083,2.072838371624345,22335000.0,2437000.0,0.21942563878576107,0.7408303103587264,0.9822652156388553,0.36945487128192284,-0.16492428182081637,-0.2890075583211462,-1.9968428095011654,6.305047794312982,10.0,1.7328177111789902,1.921228984950196
136,"CENVEO, INC",920321,2014,12.271297513521732,99.81797009891183,-2.631821747999372,1.373230817511376,,,31865000.0,-83863000.0,-0.9820762422038826,-1.9705093452404474,0.13255304856363853,0.11853824847616393,-0.2454814674847589,1.0659469429695485,-0.25406671093553146,-6.769876186653291,0.1507461468154528,1.584282024555203,-0.9796893481766227
137,Titan Environmental Solutions Inc.,1514056,2024,12.256307685276623,99.81663164375678,-2.250093817859975,-0.6153593075202705,,,9574403.0,-21543305.0,5.858454871060172,-0.6961197596558365,4.570481973975586,-10.414863884876015,-0.14006696527178678,0.7983034804385526,-1.6270262909967828,-0.7393622193568169,5.314074706412971,-4.242819434340589,0.35410887275921055
138,SUNRISE REAL ESTATE GROUP INC,1083490,2023,12.251601350660403,99.81529318860171,-0.40794696338624403,-0.02472196935289528,,0.05014521938645103,24833863.0,-10130899.0,-0.6896550319320041,0.0,-0.08494439461519446,-0.6786396554310097,-1.4874643257037563,-0.3873494213032492,-0.9120439384477662,-0.050990970822656176,1.3208900653759412,-6.96309509233596,-9.831103131333936
139,U.S. GOLD CORP.,27093,2013,12.241934786036408,99.81395473344665,-0.16747537659327927,-0.15494640787949016,,1.9688361204013378,27616000.0,-4625000.0,-0.23456858560381386,0.0,-1.5468227424749164,-0.6594392218549233,7.975700735095051,-0.2712802972828892,-1.677838763533282,-0.736851599936082,-2.112496342650048,-3.8056327776096293,-1.7120832087366347
140,SUMMIT THERAPEUTICS INC.,1599298,2025,12.210077569505271,99.8126162782916,,,,3.7698448835868015,,-1079586000.0,,0.0,-1.6385666150623805,-0.13001449392060552,10.0,1.2408273950871396,1.2269076330673891,-0.36891589589582546,-3.4551320199261166,-0.4202661324795117,0.5412391241328995
141,"LEO MOTORS, INC.",1356564,2016,12.208354603636904,99.81127782313654,-1.7626907119948294,-1.8185368457045221,,,2956749.0,-5211834.0,-0.3122539214972505,-0.0,0.7437599662300529,-0.08909287624999701,9.42298053122399,1.7507975767601485,0.21290219111494654,0.3432179989738918,0.46913641472590745,-0.001001859678128145,-0.687821082637722
142,"EyePoint, Inc.",1314102,2020,12.18454193733184,99.80993936798147,-1.3181752185149693,-1.0828469378865755,,3.3562612048972547,34437000.0,-45394000.0,0.6909894426712497,2.048271398522194,-2.4483037592362873,-0.2319678949362686,-2.567284977358957,0.38025172035240906,0.043927145275226315,10.0,-0.26173706383218104,-1.5671768366805334,5.097431753158141
143,Triton International Limited,1660734,2021,12.131938914444277,99.80860091282642,3.7087760283697864,6.54054375424043,4.5626508750754375,0.7894053340085463,142969000.0,530240000.0,0.6666938680345069,2.8158662216873886,0.173014625844125,0.5808142851237962,10.0,-1.3833739517229335,1.0453395905905654,3.424470825062649,1.0140671131692842,-0.35267804465770713,2.19026474593783
144,RADIAN GROUP INC,890926,2012,12.083099366693615,99.80726245767136,-0.5469634411103358,-0.5381544642164845,,0.6022698278613384,825408000.0,-451468000.0,-0.5762451080502895,0.9011930872916172,-0.6131368621193087,-1.1511584179318453,-0.32269657012776665,1.1025689428559653,1.8670756037371377,9.913748928253579,-0.2763113210874356,-3.5368480955851753,-5.490164916916426
145,SUNPOWER CORP,867773,2020,12.069616952858306,99.8059240025163,0.020287925758954647,0.05545830258572859,26.151902161649893,57.02056479386008,1092226000.0,22159000.0,-0.41411256688436215,11.053822690150547,2.1803601298829087,-0.4666315789473684,-1.095302116852795,-0.5365883607662663,-0.9826123659533134,0.04052394919403772,0.23164409419116144,-10.0,-6.487490448293242
146,INSMED Inc,1104506,2020,12.057437083766107,99.80458554736124,-1.7887271687761916,-1.613205768400309,,10.149193139145439,164413000.0,-294090000.0,0.20478210849509404,1.6311203259340883,-1.0659915036754577,-0.07833857142857142,8.389135512281937,0.9416048845239344,1.180128196974748,7.646293222660295,0.23167665880223468,0.4908690213644856,1.4830042019772265
147,ARALEZ PHARMACEUTICALS INC.,1660719,2016,12.040186471377035,99.80324709220618,-1.8975124378109454,-1.8902524414962225,,2.4226694089684147,54270000.0,-102978000.0,,2.296846492476106,-0.8618415546591233,-0.28925115373576704,4.069534367230634,1.689005271025946,0.7867449407312386,10.0,1.2265662005214433,-1.6272488399899023,0.42060832603069054
148,Healthy Extracts Inc.,1630176,2017,12.025541200112977,99.80190863705111,-27.80590140900043,,,,128105.0,-3562075.0,-0.21287250384024578,-0.0,3.020942612627817,-0.767725091907461,1.776356839400219e-14,0.9335409962986075,-1.9964077830497995,-0.0,0.1901654479712946,-10.0,-6.292657429729568
149,"VERITEC, INC.",773318,2024,12.005044041356221,99.80057018189605,-2.295010845986985,-1.1019522776572668,,,461000.0,-1058000.0,0.2949438202247191,,0.10875822368421052,-1.6262295081967213,1.776356839400219e-14,-0.6024726007838788,-1.7566369398665655,-0.512897009561462,3.008426641553692,-2.8828838496682843,4.800793931319912
150,"ADM ENDEAVORS, INC.",1588014,2015,11.994490161774442,99.799231726741,-1.6639453203500374,-1.6561512322560608,,,437896.0,-728635.0,1.0789524908252743,-0.25689639977085443,8.027089851496056,0.0005277815981295558,10.0,-0.2874321833140057,-0.32960293653001455,-0.29854828204080136,0.40341410376978876,0.8320706997664864,-0.7391347889515753
151,"HEMPACCO CO., INC.",1892480,2022,11.992898663908122,99.79789327158593,-1.7984233768721611,-1.7856352115019132,,0.0,3967340.0,-7134957.0,,0.018649161682497403,-0.9319952839578806,,8.004122431323113,0.8997858577777257,0.09891919121499665,-0.24135381639225903,0.42722077915770007,0.2485121034325683,-0.18307599538447275
152,KORTH DIRECT MORTGAGE INC.,1695963,2021,11.99146446829649,99.79655481643087,0.5965377145180354,0.011963055551026221,0.0,0.0,7420763.0,4426765.0,1.67629372152673,10.657018651623961,0.14461780845117245,,4.331154205974325,-2.1856352024806553,-0.25778070548458726,3.8151372469164877,2.2537365222328707,-0.7467110738083785,10.0
153,STONE ENERGY CORP,904080,2016,11.980243582498145,99.79521636127582,-1.564913935642515,-1.3491753932250816,,1.326,377392000.0,-590586000.0,-0.30709135608437726,28.55568,-11.81172,1.1853393665158372,-3.4153314530604515,0.2718638472531473,-0.3336236527479722,0.3300968181227658,-0.19264596067795636,10.0,-2.92060647966263
154,Regis Corp,716643,2024,11.955746407399934,99.79387790612076,0.44861120690504575,0.10291552945581382,0.23485638040852186,0.37660066564530614,202982000.0,91060000.0,-0.13004980156519205,1.7529540211668164,1.6035360205680877,-0.09538940902613866,5.178424424018925,-3.5637661676099994,-5.9001134780672775,-3.92234015176875,4.40141646283431,-3.896035121650159,-4.143983178895301
155,"KAIVAL BRANDS INNOVATIONS GROUP, INC.",1762239,2024,11.934696288044846,99.7925394509657,-0.9727904580809434,4.327203370571968,,0.41662989683020846,6886665.0,-6699282.0,-0.4737789005868258,0.0,-0.4849045345025562,-0.1168570933189623,-6.777142785771905,-0.5641355756298386,-1.3754213534303994,-0.46448486961776514,-0.48313533603959846,-0.7369020036274995,-0.6843578484129198
156,WESTERN URANIUM & VANADIUM CORP.,1621906,2016,11.931878299065305,99.79120099581064,,,,0.5246273473528935,,-2174291.0,,0.03876364596148084,-0.1293696886094465,-0.2197973327236235,0.0,0.0,-2.6032649964680923,0.14054400478230797,8.169195345113055,-8.296820228133937,0.0
157,"SHEPHERD’S FINANCE, LLC",1544190,2023,11.900107927555041,99.78986254065558,26.306122448979593,,0.0,0.0,98000.0,2578000.0,-0.6908517350157729,26.852056168505516,1.2928786359077231,,10.0,-2.8181878542455463,-0.7485951056214801,0.36878046373407036,0.376095433869411,0.11286653391008815,-5.6807152596121355
158,"RENOVARE ENVIRONMENTAL, INC.",1590383,2019,11.894694651268077,99.78852408550051,-1.8066220984356247,-1.7858293312300566,,9.33728496455043,4219448.0,-7622948.0,0.25604079868449725,3.041920951237141,-3.7660125791507815,-0.3774920634920635,7.678570935539431,0.09802928883434416,-0.5696210104733731,1.4092102762920076,-0.5918793952049736,-0.05836668229762178,1.1763228594356476
159,"NORTHERN OIL AND GAS, INC.",1104485,2016,11.89458985623709,99.78718563034545,-2.025442560750915,-1.5824659951613589,,,144903496.0,-293493708.0,-0.47318818126163353,-1.7082234534554996,0.6021351270744082,0.48822027311931,1.776356839400219e-14,3.464163365886016,1.766676790128201,-3.952619585705154,-1.0627921977816737,2.788734318357254,-1.3527472781065868
160,LIBERTY MEDIA CORPORATION,1560385,2024,11.893863789542873,99.78584717519038,-0.5647413085135505,0.07555433889953463,,3.6705078958600086,3653000000.0,-2063000000.0,-0.7083433133732535,0.6470337174562527,-0.2934983639208991,0.021434108527131783,-2.966905892493113,2.6329668917812605,3.844279181498122,1.8424876448241845,0.41138437004943257,0.3367197879227796,-10.0
161,"ICONIX BRAND GROUP, INC.",857737,2019,11.87173001864472,99.78450872003533,-0.7484897707136337,-0.20659936637491275,,,148984000.0,-111513000.0,-0.20621879811816357,-2.2826675622171946,0.3942060237556561,3.1249484536082472,-5.294059021249541,-0.07456290175286569,0.09085784858631184,-10.0,-0.05826520085149898,-2.1252575474472404,-1.6122356850689554
162,"CENVEO, INC",920321,2016,11.852365109031322,99.78317026488027,-1.0908737314804993,2.9628725999787844,,,28281000.0,-30851000.0,0.10879792989884733,-1.5734840760242386,0.04605733616585478,0.6879059829059829,-3.915668067591484,0.2930490913288115,0.27885168119025117,-3.798758495976102,1.0930753270069957,6.650332630473397,1.6904820106495975
163,"J.P. Morgan Real Estate Income Trust, Inc.",1893262,2022,11.84828196872886,99.78183180972522,-1.8165537270087124,0.9961277831558567,,0.0,2066000.0,-3753000.0,,9.978130195677197,-0.23999232638444815,,-10.0,-2.519424350995842,0.29323009602045813,-0.8660243570516293,-0.1339028416423496,-0.7393168076260127,-0.24121085630419367
164,HighPoint Resources Corporation,1725526,2020,11.819162914679895,99.78049335457015,-4.649470534897562,-5.298277990149672,,,250347000.0,-1163981000.0,-0.44694129576568675,-9.916591682641524,15.179127055540341,3.9661837640130195,-5.318852008548262,-0.19701421086957766,0.07276977696537364,-0.17592163913813536,0.6457391343102308,2.7631594901562595,-1.8097893397976297
165,"APOGEE ENTERPRISES, INC.",6845,2015,11.795488326836661,99.77915489941509,0.6945689536642375,0.8742609652138045,29.416422519597752,3.8852110982126984,72730000.0,50516000.0,-0.8961332373640435,0.05333667994854579,0.13207626099415387,0.0461393001345895,-10.0,0.6102959680379563,0.2540325292445898,-1.1947081591946493,0.4142754460230616,-0.6278909523985523,3.107646686366304
166,"CAREVIEW COMMUNICATIONS, INC.",1377149,2012,11.780458109364341,99.77781644426004,-11.41462762220923,-6.794253394692298,,79.36388381964446,1629971.0,-18605512.0,1.5854006331965003,14.95182343845649,-8.939894617375352,-0.04433298202536558,-5.174436070778235,-2.689240204276424,-0.24539455664037482,-2.9351519678410636,-2.6645352591003047e-14,-0.168203040240925,5.764227861053161
167,"loanDepot, Inc.",1831631,2022,11.759469410094443,99.77647798910498,-1.3637090168028612,-3.4463697029030387,,0.06877469768511937,200204000.0,-273020000.0,-0.23725416987328463,2.4844124570117625,-0.2962864891320744,70.38760531976294,-5.823101997224864,-0.6394257627817761,1.4450977447805726,0.9644201401847093,-0.3371166665420107,0.3217273543268581,-0.855668624297593
168,"Light & Wonder, Inc.",750004,2015,11.756978398313326,99.77513953394993,-0.5054008989415688,-0.3713933594316369,,,2758800000.0,-1394300000.0,0.5443349753694581,-5.907227694090382,1.009776940903824,0.5288920748003608,-6.815376358717595,0.41898704098801554,0.6622070465375387,-0.6452753214748935,3.174480501319101,1.8790287354883297,3.689858611030595
169,"Utz Brands, Inc.",1739566,2021,11.753518042315811,99.77380107879486,0.01740897237516653,0.008948830071321311,66.06521177329117,2.4560513286116317,1180713000.0,20555000.0,0.5369304425248754,1.4079539453218257,0.037176166740217176,0.03563185103468247,-0.7127576705753498,0.25682291371944593,0.9423730817621906,3.8531325315187113,-0.6782209559487352,-10.0,4.532379897920387
170,"Cinemark Holdings, Inc.",1385280,2020,11.750759728091893,99.7724626236398,-0.8987600355524471,-1.100048083227696,,1.560967190500182,686310000.0,-616828000.0,-0.7909566540637367,3.208104846232041,-0.782803471692558,-0.26837235772357726,-1.119251094982429,2.0329979000755447,1.5412275141963403,10.0,-1.9900834900569948,-1.6622093805274318,-4.218322522913681
171,Six Flags Entertainment Corp/OLD,701374,2020,11.74139698840558,99.77112416848473,-1.1873518895043118,-1.4668975671317395,,,356575000.0,-423380000.0,-0.7602990891936786,-2.263732934442884,0.36544050435588715,-0.1172337550669451,-2.019680299724107,0.6441255818934505,2.171023922987727,-10.0,3.3659791752583863,0.8573318431101921,-2.4015332724222387
172,"REGENERON PHARMACEUTICALS, INC.",872589,2022,11.730970864169375,99.76978571332967,0.35639822885261524,0.3892991809675591,14.29098285082058,2.735615954818214,12172900000.0,4338400000.0,-0.24258790295986113,0.0874249911754324,0.19142252029650547,0.08088548387096774,6.965705977193075,0.7615953545452621,3.2403164951617134,0.433816403129388,0.4381221809288893,-0.32600868589421306,-5.188124186228085
173,ADDENTAX GROUP CORP.,1650101,2016,11.727788335121806,99.76844725817462,-1.7042105263157894,-1.709122807017544,,5.26223241590214,5700.0,-9714.0,,0.0,-1.4853211009174312,-0.29147174197297687,10.0,-1.2082980276872193,-4.521194304327882,-0.4586458805739174,-0.7252449884363686,-0.5920293250951046,0.19720242207205438
174,"EIGER BIOPHARMACEUTICALS, INC.",1305253,2023,11.717113915498024,99.76710880301955,-4.7526152285551255,-4.551195080200342,,,15773000.0,-74963000.0,0.1697567487392465,-2.84403098630516,5.184880343062664,-2.484933333333333,1.776356839400219e-14,0.3891871738894627,-0.6868261761954003,-10.0,3.5843254075398763,-3.3475381644658455,3.5516420521272822
175,"Manasota Group, Inc.",1074458,2014,11.710627055923991,99.76577034786449,0.11699994617289267,1.001587899666272,,,148624.0,17389.0,0.13212318801940903,-0.0,-0.5564301942337845,,-5.457869468448964,-6.378383785783759,-0.26545929463904433,-0.28152272176030246,-6.095580253796415,-0.5926774868525171,1.953753238700858
176,"Amyris, Inc.",1365916,2013,11.697577882072848,99.76443189270944,-5.712857802962135,-2.9090201609961333,,,41119000.0,-234907000.0,-0.4420305587971884,-1.1241867754908919,1.7366557251005441,-0.9829062209842154,1.776356839400219e-14,1.986386499300088,1.0670272444017654,-10.0,4.8329828984655325,-2.891093021626435,0.08172914700379048
177,J.G. Wentworth Co,1580185,2015,11.67689709434188,99.76309343755437,-57.98235294117647,-63.34,,,3400000.0,-197140000.0,,,,-1.016957928802589,1.776356839400219e-14,0.2294696890450832,-0.12040711638625101,-0.07525090892290855,1.9201088247036984,-6.850521093082157,9.255303976381363
178,Lonestar Resources US Inc.,1661920,2017,11.67195188266153,99.76175498239932,-0.4110111833992431,-0.33317387421865036,,0.2646903123345686,94068000.0,-38663000.0,0.6226454150279446,1.3984703686160875,-0.17953897448756884,0.7622105263157894,-8.514813759746746,-1.6308418028531821,-1.0057446564976822,1.9388635327458617,-1.6222475461190788,0.5275512702148948,3.1884869308145345
179,"PTC Therapeutics, Inc.",1070081,2016,11.659672716363207,99.76041652724426,-1.7182757995284446,-1.5967353848014025,,1.9280784643302142,82705000.0,-142110000.0,1.2494968177120165,0.8213207562947911,-1.188379619176639,-0.44918273451142654,10.0,1.1702933287121846,0.21965117777054374,4.405406016475252,-0.9591688783319908,-0.6766050061121662,0.2593514816512807
180,SANARA MEDTECH INC.,714256,2017,11.659201030213053,99.7590780720892,0.052549184811874115,0.019103718931515187,18.298841866656204,59.125114591663575,6304741.0,331309.0,0.14468214747198227,0.0,3.2310850611480624,-0.023069750440860817,0.868813122975188,-9.509574475621767,-0.09197845433319687,0.0,0.0,0.656757043449851,6.5285275039077915
181,"ORAGENICS, INC.",1174940,2024,11.643349890333571,99.75773961693413,-280.66602926725625,-280.4242689825512,,,37653.0,-10567918.0,0.0,-0.0,49.87572503952616,-1.8137213516169925,1.776356839400219e-14,-0.15807103162783992,-0.33982477105909176,0.3356997374162091,4.580293445153324,-3.7862048261088193,10.0
182,"4D Molecular Therapeutics, Inc.",1650648,2025,11.624510371442017,99.75640116177907,-1.6442981375206844,-1.8724195800913048,,0.32919304122895837,85209000.0,-140109000.0,2301.945945945946,0.0,-0.27707924629793695,-0.6553003654247807,10.0,1.79648614462158,0.7153412357688584,-0.13408616791577502,1.5071803365811378,1.1101372941773364,0.15606967863421364
183,Energy Services of America Corporation,1357971,2023,11.585138089932265,99.755062706624,,0.04286828160367983,,0.8135022101975863,304104492.0,,0.5390682321979857,1.295940624341463,,0.7487244661789006,-1.2741255531037574,0.9466145904290364,-0.27697934268301466,10.0,-0.4044770385554903,0.4974226075642533,5.372094433906538
184,VERRA MOBILITY CORPORATION,1682745,2024,11.566802698373865,99.75372425146895,0.2710497056618084,1.1723709954060832,141.37549341770543,16.769359800094296,116023000.0,31448000.0,0.12023752051752438,3.900842998585573,0.11861574728901461,0.050302110041486756,2.481545550305951,-2.7427052903015756,0.05653628448898454,4.3472232934648325,-1.582462025226641,-1.0619379794919326,0.3913540477099619
185,GOODRICH PETROLEUM CORPORATION,943861,2010,11.55304432352737,99.75238579631389,-1.76710509461819,-1.8904626751970228,,1.7339595155784575,148333000.0,-262120000.0,,0.9739036375100559,-1.424782032048355,0.31483385579937306,9.24769602438077,1.7348378150499282,1.023450571025752,2.490451992477075,0.6811998348193409,4.087047302930768,0.020043241163324316
186,"eFFECTOR Therapeutics, Inc.",1828522,2022,11.532533069753375,99.75104734115884,-6.379116239797354,-9.119898677174218,,12.243326488706366,3553000.0,-22665000.0,1.4846153846153847,5.13347022587269,-5.817505133470226,-0.5429559748427673,-0.13995779027516206,0.2618313549428015,0.028855107844224827,10.0,-0.17055502466216493,-1.5710083123682657,5.514815174804041
187,"PennyMac Financial Services, Inc.",1745916,2019,11.526339614104264,99.74970888600377,44.25281531531532,59.62207207207207,1.4078025549349178,0.32519382350728193,8880000.0,392965000.0,-0.9909813747106778,1.0303463688989838,0.2309939148549958,-4.058303465660393,2.4847724951670584,-1.0048515030232783,1.7362548515476746,10.0,0.6512202121563909,-3.428113483467009,-2.033573933760978
188,Unleashed Inc.,1666114,2018,11.517445246284042,99.74837043084871,-115.89823008849558,-115.89823008849558,,0.0,226.0,-26193.0,-0.9767728674203494,0.0,-1.3831652320853356,,-0.22589954114129862,-2.4487806322040884,2.5953150176065782,0.3888704481480323,-3.3909455817357483,10.0,-2.838548653425151
189,SEARS HOLDINGS CORP,1310067,2014,11.513179142867207,99.74703197569366,-0.03771968608378468,-0.02561622637338344,,0.6348888993674525,36188000000.0,-1365000000.0,-0.09198574798012747,1.6774008050603795,-0.7849338700402531,-1.0044636626149266,0.2745982934270487,2.633897340795507,2.173068713794789,10.0,-0.18913543945631914,-2.1266082034189306,-4.028404266736582
190,"RELIANCE GLOBAL GROUP, INC.",1812727,2022,11.509677790733372,99.7456935205386,0.38590396066241567,-1.2950007889765769,3.24767613307554,2.3566275492678237,16755884.0,6466162.0,0.7255723644521394,1.5114280164187364,0.725635024153749,-0.15190461904761904,0.29900005147049213,-0.022571394276474383,-0.623401143941612,9.401453479439693,4.05399957629174,-1.3750040752978703,-0.32452817345626017
191,RANGER OIL CORPORATION,77159,2020,11.501443214372904,99.74435506538354,-1.1364557869929885,-1.3509631570472942,,0.6779707242127816,273268000.0,-310557000.0,-0.42007911446130863,2.4168616506450915,-1.45912384066755,1.5369450926230523,-5.196073976163422,0.09019151024635862,0.9245157925422909,1.8862437294951175,-0.2664049589215652,0.19136127874683734,-0.8692762163431477
192,RIDGEWOOD ENERGY P FUND LLC,1325703,2014,11.481760351514463,99.74301661022848,0.8041332510795806,0.8010487353485503,0.0,0.0,3242000.0,2607000.0,-0.4496689865897131,0.0,0.7227612974771278,,-7.777397072427476,-0.15385756634886735,-0.14588360964448163,-1.0056982266231473,0.9735366655975324,-0.12061658824789825,1.2704214192070855
193,T.A.G. Acquisitions Ltd.,1610785,2015,11.471283298671183,99.74167815507342,-78.57025853562266,-65.56078547463983,,,10134.0,-796231.0,,-9.318719868233165,1.4071464421540767,-1.996184,-0.41512412440801894,-3.296899455044757,-2.397735135050007,1.6977071011706575,-10.0,-3.285620086945039,-0.7318350017131198
194,"Cavitation Technologies, Inc.",1376793,2025,11.47115553248115,99.74033969991835,-0.5566502463054187,-4.862068965517241,,75.2463768115942,203000.0,-113000.0,-0.851063829787234,1.9565217391304348,-1.6376811594202898,-0.15523882896764252,4.777174149551508,-2.244565337237698,-1.2574452342056455,7.524554570520526,-2.7636101384668494,0.21893383739455333,-4.053235118857852
195,AMERICAN BIO MEDICA CORPORATION,896747,2021,11.46538148001838,99.73900124476329,-0.20874661857529306,-0.5315599639314698,,,2218000.0,-463000.0,-0.4651555341210514,-1.6345338983050848,0.4904661016949153,-0.23638918159466105,-0.7850928961206358,-1.5260141602467387,-1.2610137822870169,-10.0,2.1696348323435966,-2.0607636841957464,-3.7525258569350277
196,ZOMEDICA CORP.,1684144,2024,11.448755652507211,99.73766278960824,-1.7218984790177754,-1.8711013377313541,,0.7185787881265844,27285000.0,-46982000.0,0.08333995076629874,0.0,-0.24011570856161582,-0.16806543385490755,10.0,0.8714197075598275,-0.19531434510232945,-0.3240018537520102,1.1285058587684427,0.22372594929842157,0.6524762212885163
197,URANIUM ENERGY CORP.,1334933,2012,11.425796280160743,99.73632433445317,-1.8232892843124429,-1.7885569220928372,,3.3820820761132953,13757400.0,-25083720.0,,0.0,-0.33039464014986947,-0.07480825452893515,7.0167571087492755,1.0811830329423107,0.19283400999747477,-0.4350470189097618,1.7437660708924096,0.6177912283764385,0.12706306742439935
198,SHARING SERVICES GLOBAL CORPORATION,1644488,2019,11.40256496968603,99.73498587929811,0.2493311674151508,-0.012804384975279267,0.27882677661281247,,85923221.0,21423337.0,9.23849984431915,-0.0,-16.251247479628418,1.0109852010580238,1.6463629240805278,0.5592124427613425,-1.220268619365918,-0.29942940014511993,-10.0,5.025854688126669,0.0
199,"Victory     Clean Energy, Inc.",700764,2019,11.38696314489738,99.73364742414306,-1.6019366599761173,-1.542340107363355,,,2204104.0,-3530835.0,1.1309753199454327,-0.19549533137794733,1.5803781357828026,-1.234648140591149,4.088193339230494,0.49371131457957207,-1.82420725062822,-0.31482243953375727,1.3905536433817898,-2.7026530372147253,-0.2025731616277194
